page,code,name,category,finish
3,101,Orange,fabric,Melange wool-look
4,211,Red,fabric,Melange wool-look
5,302,Navy,fabric,Melange wool-look
6,505,Off White,fabric,Melange wool-look
7,601,Light Gray,fabric,Melange wool-look
8,602,Dark Gray,fabric,Melange wool-look
9,Koya-10,Light Gray,fabric,Koya woven
10,Koya-12,Dark Gray,fabric,Koya woven
11,Koya-23,Olive,fabric,Koya woven
12,Koya-25,Dark Green,fabric,Koya woven
13,Koya-28,Orange,fabric,Koya woven
14,Koya-31,Dark Red,fabric,Koya woven
15,Koya-41,Gray,fabric,Koya woven
16,Koya-42,Light Blue,fabric,Koya woven
17,Koya-45,Blue,fabric,Koya woven
18,Koya-48,Turquoise,fabric,Koya woven
19,Koya-51,Petrolium,fabric,Koya woven
20,01,Mocha,fabric,Basket weave
21,TX769-0016,Mustard,fabric,TX769 basket weave
22,TX769-0020,Burgundy,fabric,TX769 basket weave
23,TX769-0027,Orange,fabric,TX769 basket weave
24,TX769-0041,Blue,fabric,TX769 basket weave
25,TX769-0044,Turquoise,fabric,TX769 basket weave
26,TX769-0074,Apple Green,fabric,TX769 basket weave
27,TX769-0079,Light Turquoise,fabric,TX769 basket weave
28,TX769-0089,Light Beige,fabric,TX769 basket weave
29,TX769-0090,Light Gray,fabric,TX769 basket weave
30,TX769-0805,Café,fabric,TX769 basket weave
31,TX856-0027,Orange,fabric,TX856 woven
32,TX874-0082,Light Blue,fabric,TX874 check weave
33,250,Black,fabric,Fine weave
35,500,Off-White,leather-natural,Natural leather
36,503,Havan,leather-natural,Natural leather
37,507,Olive,leather-natural,Natural leather
38,508,Light Gray,leather-natural,Natural leather
39,512,Black,leather-natural,Natural leather
41,MB009,Dark Beige,leather-artificial,Artificial leather
42,MB010,Beige,leather-artificial,Artificial leather
43,MB012,Olive,leather-artificial,Artificial leather
44,MB013,Petrolium,leather-artificial,Artificial leather
45,K401,Cream,leather-artificial,Artificial leather
46,2001,Camel,leather-artificial,Artificial leather
47,2412,Black,leather-artificial,Artificial leather
49,101,White,wood,Melamine plain
50,116,Viviani Grey,wood,Wood decor
51,253,Light Walnut,wood,Wood decor
52,461,Dark Walnut,wood,Wood decor
53,6801,Oak Royal,wood,Wood decor
54,8231,Moro,wood,Wood decor
55,8846,Sorrento White,wood,Wood decor
57,540,Off-White,metal,Powder coat
58,860,Graphite,metal,Powder coat
59,8519-1,Copper,metal,Textured metallic powder coat
60,9005,Black,metal,Powder coat
61,9006,Silver,metal,Metallic powder coat
62,9216,White,metal,Powder coat
63,1017,Yellow,metal,Powder coat
64,3012,Simon,metal,Powder coat
65,3015,Light Pink,metal,Powder coat
66,6013,Olive,metal,Powder coat
67,6027,Light Green,metal,Powder coat
